Ana Carla Fernandes Gomes|06/12/94|ana_carla64@hotmail.com|Av. Bartolomeu Caetano da Silva, 64|São Paulo|23353267|casa|74677878|celular||
André Franciscato||andre.franciscato@hotmail.com||||||||
Antônio||antonio_9830@hotmail.com|||967120439|celular||||
Asaph||asaphsenhi@hotmail.com|||974654453||957935709|||
Bruna Nery|16/07/94|bruna-nery@hotmail.com||São Caetano do Sul||||||
Carmen||||São Bernardo do Campo|993327882|celular||||
Casa||||São Bernardo do Campo|43672660|||||
Casa Cardoso|||R. José Patrício, 205|São Bernardo do Campo|43680869|||||
Casa Petrére||||São Paulo|38726326||991023006|celular vladmir||
Daniela Matus||daniela.matus@hotmail.com|||961791695|celular||||
David Matos de Oliveira|01/09/93|david-kun_564@hotmail.com||Mauá|86200791|celular||||
Denis Fernando (Sorriso)||dns.fernando@hotmail.com||Santo André|994531090|celular||||
Denise Samanta (Samy)|30/07/94|denise.samanta@hotmail.com|R. Pedro José Lorenzini, 195|São Caetano do Sul|960843572|celular tim|993212115|celular claro|974278101|celular vivo
Diego Sita||astronomy_domine@hotmail.com|||962165953|celular||||
Guilherme Veiga||guiv_lima@hotmail.com|||44211855|casa||||
Jéssica Brandão||jess.branpton@hotmail.com|||987980683|celular||||
Juliana Vencato|09/09/93|gaiav4@hotmail.com|||963010723|celular|44214752|casa||
Juliany Resende (Nanny)|16/07/94||||969245896|celular||||
Leonardo Ono||leonardojapa_ono@hotmail.com||||||||
Leonardo Rossato||leorossato@hotmail.com|||996119227|celular||||
Lóren Victória Costa Lima|22/11/96|lorenvictoria@hotmail.com||Leme|0151993462094|celular||||
Lucas Godoy|||||39073910|casa||||
Luci (Mãe)|06/09/66|lucipetrere@hotmail.com||São Bernardo do Campo|992217652|celular claro|952888145|celular tim||
Luis (Pai)|20/09/66|luispetrere@ig.com.br||São Bernardo do Campo|93212816|celular||||
Luis (Tio)||||Guararema|991595842|celular||||
Luis Henrique Molla (Skin)||mclui_molla@hotmail.com||São Bernardo do Campo|961630593|celular||||
Maércio e Vera (Van)||||São Bernardo do Campo|982985784|celular maércio||||
Marcela Oliveira|02/07/94|marcela.oliveira_94@hotmail.com||São Caetano do Sul|970328859|celular||||
Marcelo Moraes|||R. 21 de Abril, 128|São Bernardo do Campo|43686898|casa||||
Marco Aurélio||marcoaureliomd@hotmail.com|R. do Sacramento, 699, apto.42 / R. Espírito Santo, 620, apto.11|São Bernardo do Campo|965891030|celular|45097272|casa pai|35655957|casa mãe
Maria Petrére||||São Paulo|992229158||996078429|||
Marília Della Nocce|||R. Rio Branco, 80|São Caetano do Sul|986626800|celular||||
Marília Miquelin|||||961720969|celular||||
Matheus Henrique|04/09/93|mestre_mat@hotmail.com|Av. Pres. Kennedy, 1729|São Caetano do Sul|999433244|celular||||
Matheus Suarez|19/09/94|matheus_suarez@hotmail.com||São Caetano do Sul|992898200|celular||||
Mayara Oliveira||mayarinha_loka.96@hotmail.com||São Caetano do Sul|985168963|celular||||
Murilo Santos||moon.mrl@hotmail.com||Mauá|988159705|celular||||
Naielle|12/11/92|nigebrasiloliveira@hotmail.com|||0157599718241|celular||||
Nicolas (Nico)||nicoblack_13@hotmail.com||Mauá|988784563|celular||||
Nicolas Chinaglia|25/03/93|nickolas_wonka@hotmail.com|R. Rio Grande do Sul, 134|Araras|0151998083625|celular|0151935423727|casa|0151935425460|casa avós
Paloma Kerolayne (Keni)|25/11/95|pah_rbd@hotmail.com|||985403722|celular sp|0154498356028|celular pr||
Paulo Taveira||||São Bernardo do Campo|43680162|casa||||
Raphael (Irmão)|13/08/99|rap.raphinha@hotmail.com||São Bernardo do Campo|970745906|celular||||
Raphael Rossato||rossato_40@hotmail.com||São Caetano do Sul|999981987|celular||||
Raquel Nunes|||R. 14 de Julho, 37|São Bernardo do Campo|43680965|casa||||
Renan Bertoni||eu_renann@hotmail.com|R. José Patrício, 185|São Bernardo do Campo|966325773|celular|43684557|casa||
Rodrigo Lima|04/09/76|rrlima@hotmail.com|R. Camargo, 590|São Bernardo do Campo|41782781|casa|993159367|celular|993327882|carmen cel
Sabrina Ostini(Brina)||sabrina_ostini||São Paulo|960438080|celular||||
Scarlett Cristina|05/08/95||||976243622|celular||||
Thiago Lima|||||994785497|celular||||
Thomas||thom_line@hotmail.com||||||||
Vanessa Pezzo|12/05/94|vanessapezzo@hotmail.com|R. Anhanguera, 42|São Caetano do Sul|973937281|celular||||
Vinícius Curalov|||||974030025|celular||||
Vinícius Trevisan (Jesus)|02/10/1993|vinyluis@gmail.com/vinyluis@hotmail.com|||975843112|celular||||
Vítor Sartori||vitorrr@hotmail.com||||||||
Vitória Piton|03/08/94|||São Caetano do Sul||||||
Yohanna Yuki|||R. Ferdinando Demarchi, 111, casa 103|São Bernardo do Campo|997046648|celular|26697425|casa||
